station_code,station_name,latitude,longitude,tambon,amphoe,province,basin,sub_basin,left_bank_msl,right_bank_msl,ground_level_msl
ATG011,ปตร.พลเทพ,15.21593,100.07282,หาดท่าเสา,เมืองชัยนาท,ชัยนาท,เจ้าพระยา,ที่ราบแม่น้ำเจ้าพระยา,,,
ATG021,เหนือ ปตร.มโนรมย์,15.330455,100.103325,วัดโคก,มโนรมย์,ชัยนาท,เจ้าพระยา,ที่ราบแม่น้ำเจ้าพระยา,,,
ATG031,เหนือปตร.บรมธาตุ,15.158136,100.15353,ชัยนาท,เมืองชัยนาท,ชัยนาท,เจ้าพระยา,ที่ราบแม่น้ำเจ้าพระยา,,,
ATG032,ท้ายปตร.บรมธาตุ,15.157781,100.152824,ชัยนาท,เมืองชัยนาท,ชัยนาท,เจ้าพระยา,ที่ราบแม่น้ำเจ้าพระยา,,,
ATG042,ท้ายปตร.มะขามเฒ่า-อู่ทอง,15.222314,100.06234,มะขามเฒ่า,วัดสิงห์,ชัยนาท,ท่าจีน,ที่ราบแม่น้ำท่าจีน,,,
ATG051,เหนือปตร.พระนารายน์,14.558294,100.76207,ท่าหลวง,ท่าเรือ,พระนครศรีอยุธยา,ป่าสัก,แม่น้ำป่าสักตอนล่างส่วนที่ 2,,,
ATG052,ท้ายปตร.พระนารายน์,14.556708,100.762,ท่าหลวง,ท่าเรือ,พระนครศรีอยุธยา,ป่าสัก,แม่น้ำป่าสักตอนล่างส่วนที่ 2,,,
ATG072,ท้ายปตร.พระศรีศิลป์,14.327325,100.87116,หนองแค,หนองแค,สระบุรี,เจ้าพระยา,ที่ราบแม่น้ำเจ้าพระยา,,,
ATG081,เหนือปตร.พระธรรมราชา,14.077689,100.89208,บึงน้ำรักษ์,ธัญบุรี,ปทุมธานี,เจ้าพระยา,ที่ราบแม่น้ำเจ้าพระยา,,,
ATG082,ท้ายปตร.พระธรรมราชา,14.076354,100.893906,บึงน้ำรักษ์,ธัญบุรี,ปทุมธานี,เจ้าพระยา,ที่ราบแม่น้ำเจ้าพระยา,,,
ATG091,เหนือปตร.พระอินทราชา,14.144052,100.62136,วังน้อย,วังน้อย,พระนครศรีอยุธยา,เจ้าพระยา,ที่ราบแม่น้ำเจ้าพระยา,,,
ATG092,ท้ายปตร.พระอินทราชา,14.143729,100.620766,พยอม,วังน้อย,พระนครศรีอยุธยา,เจ้าพระยา,ที่ราบแม่น้ำเจ้าพระยา,,,
ATG101,ปตร.จุฬาลงกรณ์,13.981354,100.60567,ประชาธิปัตย์,ธัญบุรี,ปทุมธานี,เจ้าพระยา,ที่ราบแม่น้ำเจ้าพระยา,,,
ATG111,เหนือปตร.มหาราช,15.15893,100.17328,บ้านกล้วย,เมืองชัยนาท,ชัยนาท,เจ้าพระยา,ที่ราบแม่น้ำเจ้าพระยา,,,
ATG112,ท้ายปตร.มหาราช,15.1614685,100.17264,บ้านกล้วย,เมืองชัยนาท,ชัยนาท,เจ้าพระยา,ที่ราบแม่น้ำเจ้าพระยา,,,
ATG121,เหนือปตร.ท่าโบสถ์,15.054189,100.01159,สามง่ามท่าโบสถ์,หันคา,ชัยนาท,ท่าจีน,ที่ราบแม่น้ำท่าจีน,,,
ATG122,ท้ายปตร.ท่าโบสถ์,15.053487,100.011795,สามง่ามท่าโบสถ์,หันคา,ชัยนาท,ท่าจีน,ที่ราบแม่น้ำท่าจีน,,,
ATG131,เหนือปตร.ชลมาร์คพิจารณ์,14.77117,100.08841,สามชุก,สามชุก,สุพรรณบุรี,ท่าจีน,ที่ราบแม่น้ำท่าจีน,,,
ATG132,ท้ายปตร.ชลมาร์คพิจารณ์,14.770598,100.08824,สามชุก,สามชุก,สุพรรณบุรี,ท่าจีน,ที่ราบแม่น้ำท่าจีน,,,
ATG141,เหนือปตร.โพธิ์พระยา,14.532452,100.122246,โพธิ์พระยา,เมืองสุพรรณบุรี,สุพรรณบุรี,ท่าจีน,ที่ราบแม่น้ำท่าจีน,,,
ATG142,ท้ายปตร.โพธิ์พระยา,14.531798,100.12244,โพธิ์พระยา,เมืองสุพรรณบุรี,สุพรรณบุรี,ท่าจีน,ที่ราบแม่น้ำท่าจีน,,,
ATG151,เหนือปตร.บางระจัน,14.925949,100.275826,เชิงกลัด,บางระจัน,สิงห์บุรี,เจ้าพระยา,ที่ราบแม่น้ำเจ้าพระยา,,,
ATG152,ท้ายปตร.บางระจัน,14.925208,100.2759,เชิงกลัด,บางระจัน,สิงห์บุรี,เจ้าพระยา,ที่ราบแม่น้ำเจ้าพระยา,,,
ATG161,เหนือปตร.ยางมณี,14.75102,100.41464,พิกุลทอง,ท่าช้าง,สิงห์บุรี,เจ้าพระยา,ที่ราบแม่น้ำเจ้าพระยา,,,
ATG162,ท้ายปตร.ยางมณี,14.750365,100.41499,พิกุลทอง,ท่าช้าง,สิงห์บุรี,เจ้าพระยา,ที่ราบแม่น้ำเจ้าพระยา,,,
ATG171,เหนือปตร.ผักไห่-เจ้าเจ็ด,14.436465,100.375626,บ้านใหญ่,ผักไห่,พระนครศรีอยุธยา,เจ้าพระยา,ที่ราบแม่น้ำเจ้าพระยา,,,
ATG181,เหนือปตร.ช่องแค,15.14621,100.413,พรหมนิมิต,ตาคลี,นครสวรรค์,เจ้าพระยา,ที่ราบแม่น้ำเจ้าพระยา,,,
ATG182,ท้ายปตร.ช่องแค,15.145541,100.41324,พรหมนิมิต,ตาคลี,นครสวรรค์,เจ้าพระยา,ที่ราบแม่น้ำเจ้าพระยา,,,
BKC001,สวนศรีนครเขื่อนขันธ์,13.69554,100.56311,บางกะเจ้า,พระประแดง,สมุทรปราการ,เจ้าพระยา,ที่ราบแม่น้ำเจ้าพระยา,1.16,1.168,-1.365
BKC002,ปตร.วัดบางกระเจ้านอก,13.689589,100.55495,บางกะเจ้า,พระประแดง,สมุทรปราการ,เจ้าพระยา,ที่ราบแม่น้ำเจ้าพระยา,1.74,1.26,-1.41
BKC003,ปตร. คลองลัดบางยอ 1,13.676202,100.553085,บางยอ,พระประแดง,สมุทรปราการ,เจ้าพระยา,ที่ราบแม่น้ำเจ้าพระยา,1.513,1.899,-0.907
BKC004,ปตร. คลองลัดบางยอ 2,13.661021,100.56727,บางกระสอบ,พระประแดง,สมุทรปราการ,เจ้าพระยา,ที่ราบแม่น้ำเจ้าพระยา,1.49,0.905,-1.63
BKC005,ปตร. คลองตาสด,13.664818,100.571236,บางกระสอบ,พระประแดง,สมุทรปราการ,เจ้าพระยา,ที่ราบแม่น้ำเจ้าพระยา,1.4,1.33,-1.23
BKC006,ปตร. คลองบางน้ำผึ้ง,13.676575,100.58207,บางน้ำผึ้ง,พระประแดง,สมุทรปราการ,เจ้าพระยา,ที่ราบแม่น้ำเจ้าพระยา,0.94,1.06,-1.657
BKC007,ปตร. คลองแพ,13.69498,100.58224,บางกอบัว,พระประแดง,สมุทรปราการ,เจ้าพระยา,ที่ราบแม่น้ำเจ้าพระยา,1.521,1.456,-2.044
BKK016,ปากคลองพระองค์เจ้าฯ (บางน้ำเปรี้ยว),13.838216,100.96656,บางน้ำเปรี้ยว,บางน้ำเปรี้ยว,ฉะเชิงเทรา,บางปะกง,ที่ราบแม่น้ำบางปะกงส่วนที่ 2,1.387,1.237,-2.43
BPK001,บางปะกง,13.548936,101.00113,ท่าสะอ้าน,บางปะกง,ฉะเชิงเทรา,บางปะกง,ที่ราบแม่น้ำบางปะกงส่วนที่ 2,1.665,1.897,-11.654
BPK003,บางน้ำเปรี้ยว,13.870361,101.14573,บางขนาก,บางน้ำเปรี้ยว,ฉะเชิงเทรา,บางปะกง,ที่ราบแม่น้ำบางปะกงส่วนที่ 1,1.47,1.851,-10.948
BPK004,พนมสารคาม,13.726594,101.35296,เกาะขนุน,พนมสารคาม,ฉะเชิงเทรา,บางปะกง,คลองท่าลาด,7.575,5.395,-1.66
CHI001,บ้านเขว้า,15.933134,101.699524,ภูแลนคา,บ้านเขว้า,ชัยภูมิ,ชี,ลำน้ำชีตอนบนส่วนที่ 2,212.865,212.873,197.259
CHI003,เมืองชัยภูมิ,15.681616,102.00952,บ้านค่าย,เมืองชัยภูมิ,ชัยภูมิ,ชี,ลำน้ำชีส่วนที่ 2/2,185.725,185.524,177.016
CHI005,ชนบท,16.09691,102.57001,ชนบท,ชนบท,ขอนแก่น,ชี,ลำน้ำชีส่วนที่ 3,162.379,161.583,149.464
CHI006,เมืองขอนแก่น,16.325937,102.78599,ท่าพระ,เมืองขอนแก่น,ขอนแก่น,ชี,ลำน้ำชีส่วนที่ 3,153.038,153.281,141.512
CHI010,มหาชนะชัย,15.5248575,104.24975,ฟ้าหยาด,มหาชนะชัย,ยโสธร,ชี,ลำน้ำชีตอนล่าง,121.81,125.183,110.692
CHI011,เขื่องใน,15.322461,104.546486,เขื่องใน,เขื่องใน,อุบลราชธานี,ชี,ลำน้ำชีตอนล่าง,117.278,116.794,105.162
CHI012,เมืองมหาสารคาม,16.232254,103.27108,เกิ้ง,เมืองมหาสารคาม,มหาสารคาม,ชี,ลำน้ำชีส่วนที่ 4/1,146.992,144.503,133.721
CHI013,ยางตลาด,16.411049,103.46708,ดอนสมบูรณ์,ยางตลาด,กาฬสินธุ์,ชี,ลำปาวตอนล่าง,144.707,144.299,132.049
CHI015,สะพานฉลองขอนแก่น 200 ปี,16.529016,102.906006,หนองตูม,เมืองขอนแก่น,ขอนแก่น,ชี,ลำน้ำพองตอนล่างส่วนที่ 1,155.264,155.197,144.885
CHM001,สันทราย,19.009766,98.95976,แม่แฝก,สันทราย,เชียงใหม่,ปิง,แม่น้ำปิงส่วนที่ 2/1,322.636,321.268,313.105
CHM002,ฮอด,18.178593,98.630165,หางดง,ฮอด,เชียงใหม่,ปิง,แม่น้ำปิงส่วนที่ 3/3,260.959,260.835,254.507
CHM003,แม่อาย,20.061007,99.36204,ท่าตอน,แม่อาย,เชียงใหม่,โขงเหนือ,น้ำแม่กกตอนล่างส่วนที่ 1,450.643,449.753,439.91
CHM004,เชียงดาว,19.367266,98.96888,เชียงดาว,เชียงดาว,เชียงใหม่,ปิง,แม่น้ำปิงตอนบนส่วนที่ 1,381.718,382.388,378.034
CHM005,แม่แตง,19.122038,98.944466,สันมหาพน,แม่แตง,เชียงใหม่,ปิง,แม่น้ำแม่แตง,335.811,336.625,329.087
CHM007,ฝาง,19.856054,99.19549,แม่สูน,ฝาง,เชียงใหม่,โขงเหนือ,น้ำแม่ฝาง,510.505,510.554,506.838
CHN001,เมืองจันทบุรี,12.613569,102.11407,จันทนิมิต,เมืองจันทบุรี,จันทบุรี,ชายฝั่งทะเลตะวันออก,แม่น้ำจันทบุรี,3.252,4.153,-3.817
CHN004,แก่งหางแมว,12.986787,101.89962,แก่งหางแมว,แก่งหางแมว,จันทบุรี,ชายฝั่งทะเลตะวันออก,คลองโตนด,26.6001,24.9611,21.6
CHN005,นายายอาม,12.722473,101.95599,วังใหม่,นายายอาม,จันทบุรี,ชายฝั่งทะเลตะวันออก,คลองโตนด,7.2559,4.2759,-2.44
CHR001,เมืองเชียงราย,19.826365,99.778915,ป่าอ้อดอนชัย,เมืองเชียงราย,เชียงราย,โขงเหนือ,น้ำแม่ลาวส่วนที่ 2,405.556,407.218,399.881
CHR002,เทิง,19.688263,100.18752,เวียง,เทิง,เชียงราย,โขงเหนือ,แม่น้ำอิงตอนล่าง,367.042,366.993,356.016
CHR003,แม่จัน,20.157574,99.85961,แม่จัน,แม่จัน,เชียงราย,โขงเหนือ,น้ำแม่จัน,412.008,412.404,408.003
CHR004,แม่สรวย,19.652618,99.53791,แม่สรวย,แม่สรวย,เชียงราย,โขงเหนือ,น้ำแม่ลาวส่วนที่ 1,453.954,454.543,450.509
CHR005,เชียงแสน,20.219687,100.121185,โยนก,เชียงแสน,เชียงราย,โขงเหนือ,น้ำแม่กกตอนล่างส่วนที่ 3,364.753,364.884,355.219
CMP001,เมืองชุมพร,10.574456,99.14578,หาดพันไกร,เมืองชุมพร,ชุมพร,ภาคใต้ฝั่งตะวันออกตอนบน,คลองท่าตะเภา ( ลุ่มน้ำสาขา ),8.569,8.242,-0.075
CMP002,หลังสวน,9.953407,99.06441,ขันเงิน,หลังสวน,ชุมพร,ภาคใต้ฝั่งตะวันออกตอนบน,คลองหลังสวน,4.148,7.77,-3.609
CPY001,สะพานเดชาติวงศ์,15.688471,100.12383,ปากน้ำโพ,เมืองนครสวรรค์,นครสวรรค์,เจ้าพระยา,ที่ราบแม่น้ำเจ้าพระยา,26.06,26.337,7.878
CPY002,พยุหะคีรี,15.426565,100.13473,ท่าน้ำอ้อย,พยุหะคีรี,นครสวรรค์,เจ้าพระยา,ที่ราบแม่น้ำเจ้าพระยา,21.33,21.624,10.176
CPY003,ปตร.มโนรมย์,15.327643,100.10911,วัดโคก,มโนรมย์,ชัยนาท,เจ้าพระยา,ที่ราบแม่น้ำเจ้าพระยา,20.528,19.607,11.11
CPY004,สะพานธรรมจักร(วัดธรรมามูล),15.250288,100.083466,ธรรมามูล,เมืองชัยนาท,ชัยนาท,เจ้าพระยา,ที่ราบแม่น้ำเจ้าพระยา,19.655,17.541,3.115
CPY005,สรรพยา,15.109029,100.26793,โพนางดำออก,สรรพยา,ชัยนาท,เจ้าพระยา,ที่ราบแม่น้ำเจ้าพระยา,15.277,15.3271,3.011
CPY011,พระนครศรีอยุธยา,14.36914,100.52863,ภูเขาทอง,พระนครศรีอยุธยา,พระนครศรีอยุธยา,เจ้าพระยา,ที่ราบแม่น้ำเจ้าพระยา,5.064,5.524,-5.521
CPY012,บางปะอิน,14.304491,100.56644,ขนอนหลวง,บางปะอิน,พระนครศรีอยุธยา,เจ้าพระยา,ที่ราบแม่น้ำเจ้าพระยา,2.617,3.457,-8.585
CPY013,บางไทร,14.118274,100.53532,โพแตง,บางไทร,พระนครศรีอยุธยา,เจ้าพระยา,ที่ราบแม่น้ำเจ้าพระยา,4.342,2.682,-11.28
CPY014,สะพานนวลฉวี,13.947525,100.535034,บ้านใหม่,ปากเกร็ด,นนทบุรี,เจ้าพระยา,ที่ราบแม่น้ำเจ้าพระยา,2.5,2.5,-13.306
CPY015,สะพานกรุงเทพ,13.700287,100.492805,ดาวคะนอง,ธนบุรี,กรุงเทพมหานคร,เจ้าพระยา,ที่ราบแม่น้ำเจ้าพระยา,2.201,2.161,-15.697
DIV001,คลองผันน้ำยม-น่าน1,17.366179,99.84368,ในเมือง,สวรรคโลก,สุโขทัย,ยม,แม่น้ำยมตอนล่างส่วนที่ 2,63.659,63.876,53.43
DIV002,คลองผันน้ำยม-น่าน2,16.953913,100.12125,ท่าช้าง,พรหมพิราม,พิษณุโลก,ยม,คลองบางแก้ว,44.452,44.415,36.502
DIV003,คลองผันน้ำยม-น่าน3,17.292522,100.07767,คอรุม,พิชัย,อุตรดิตถ์,น่าน,แม่น้ำน่านส่วนที่ 4/2,53.928,53.671,42.551
DIV004,คลองผันน้ำยม-น่าน4,16.671774,100.24581,งิ้วงาม,เมืองพิษณุโลก,พิษณุโลก,ยม,แม่น้ำยมตอนล่างส่วนที่ 5,43.588,43.201,34.415
DIV005,ท่อทองแดง1,16.4971,99.51962,หนองปลิง,เมืองกำแพงเพชร,กำแพงเพชร,ปิง,แม่น้ำปิงส่วนที่ 4/5,77.925,77.712,72.549
FOP005,ลำน้ำขว้าง (ฝายจ้าว),19.180185,100.95907,ศิลาแลง,ปัว,น่าน,น่าน,แม่น้ำน่านตอนบน,297.352,298.202,292.322
FOP008,ลำน้ำกูน,19.148909,100.9464,ศิลาแลง,ปัว,น่าน,น่าน,แม่น้ำน่านตอนบน,299.443,298.736,296.909
FOP011,สะพานน้ำมวบ (บ้านภูแยง),18.924023,100.92671,ดู่พงษ์,สันติสุข,น่าน,น่าน,น้ำยาว (2),265.274,266.646,258.874
FOP013,บ้านตอง,18.846539,101.028885,แม่จริม,แม่จริม,น่าน,น่าน,น้ำยาว (2),360.682,362.172,356.712
FOP014,สะพานลำน้ำยาม,17.59485,103.96947,อากาศ,อากาศอำนวย,สกลนคร,โขงตะวันออกเฉียงเหนือ,ห้วยน้ำยาม,152.486,152.486,141.64
FOP015,ลำน้ำกวงสะพานศรีดอนชัย,18.653236,99.06441,บ้านธิ,บ้านธิ,ลำพูน,ปิง,น้ำแม่กวง,294.34,295.832,287.823
FOP016,ลำน้ำสานบ้านทุ่งยาวเหนือ,18.511814,99.07728,ศรีบัวบาน,เมืองลำพูน,ลำพูน,ปิง,น้ำแม่กวง,323.925,324.802,315.483
FOP019,คลองสรอย วัดแม่ขมวก,17.774961,99.46938,สรอย,วังชิ้น,แพร่,ยม,แม่น้ำยมตอนล่างส่วนที่ 1,156.847,156.337,154.214
FOP022,สะพานวัดมงคลร่วมใจ (บ้านวังสาร),16.670557,100.32784,ท่าตาล,บางกระทุ่ม,พิษณุโลก,น่าน,แม่น้ำวังทอง,38.8353,40.0723,31.5193
FOP025,สะพานบางไตประชาบริรักษ์,9.282496,98.876945,ตะกุกเหนือ,วิภาวดี,สุราษฎร์ธานี,ภาคใต้ฝั่งตะวันออกตอนบน,คลองพุมดวงตอนล่าง,57.1681,55.4181,42.5181
FOP026,สะพานคลองพาย,9.155656,98.895,น้ำหัก,คีรีรัฐนิคม,สุราษฎร์ธานี,ภาคใต้ฝั่งตะวันออกตอนบน,คลองพุมดวงตอนล่าง,82.2438,81.2538,77.4938
FOP028,สะพานทางเข้าชุมชนบ้านปากซวด,8.889676,98.82031,พะแสง,บ้านตาขุน,สุราษฎร์ธานี,ภาคใต้ฝั่งตะวันออกตอนบน,คลองสก,34.8526,35.6326,30.6846
FOP029,สะพานบ้านสวนปราง,9.021278,99.63304,คลองสระ,กาญจนดิษฐ์,สุราษฎร์ธานี,ภาคใต้ฝั่งตะวันออกตอนบน,ภาคใต้ฝั่งตะวันออกส่วนที่ 3,49.3358,49.3538,42.0158
FOP030,สะพานข้ามคลองหวาด,8.935932,99.60874,คลองสระ,กาญจนดิษฐ์,สุราษฎร์ธานี,ภาคใต้ฝั่งตะวันออกตอนบน,ภาคใต้ฝั่งตะวันออกส่วนที่ 3,73.44,72.94,66.55
FOP035,สะพานข้ามคลองวังเคียน,7.9545927,99.8964,วังอ่าง,ชะอวด,นครศรีธรรมราช,ภาคใต้ฝั่งตะวันออกตอนบน,ภาคใต้ฝั่งตะวันออกส่วนที่ 4,16.0958,16.0498,8.4798
FOP036,สะพานห้วยน้ำใส,7.8895726,99.87424,เกาะขันธ์,ชะอวด,นครศรีธรรมราช,ภาคใต้ฝั่งตะวันออกตอนบน,ภาคใต้ฝั่งตะวันออกส่วนที่ 4,35.3413,35.2913,23.4573
FOP037,สะพานข้ามคลองห้วยกรวด,7.8768225,99.93328,เกาะขันธ์,ชะอวด,นครศรีธรรมราช,ทะเลสาบสงขลา,ทะเลน้อย,20.5944,20.5244,13.1544
FOP038,สะพานบ้านแหลมโตนด,7.8175993,100.04755,แหลมโตนด,ควนขนุน,พัทลุง,ทะเลสาบสงขลา,ทะเลน้อย,4.0297,3.9357,0.2887
FOP039,สะพานท่าสำเภา,7.7296143,100.10796,ชัยบุรี,เมืองพัทลุง,พัทลุง,ทะเลสาบสงขลา,ทะเลหลวง,1.3336,2.2536,-4.8004
FOP040,คลองกาแลกูโบ หมู่ที่ 1,6.738517,101.25218,คลองใหม่,ยะรัง,ปัตตานี,ภาคใต้ฝั่งตะวันออกตอนล่าง,แม่น้ำปัตตานีตอนล่าง,5.806,5.456,-12.067
FOP041,คลองสุหงาบารู หมู่ที่ 4,6.7370944,101.27309,คลองใหม่,ยะรัง,ปัตตานี,ภาคใต้ฝั่งตะวันออกตอนล่าง,แม่น้ำปัตตานีตอนล่าง,6.764,7.063,-12.58
FOP043,คลองปะแต,6.4125834,101.13891,ปะแต,ยะหา,ยะลา,ภาคใต้ฝั่งตะวันออกตอนล่าง,แม่น้ำปัตตานีตอนล่าง,35.533,36.143,16.635
FOP052,ห้วยแม่แจ่ม,19.073105,98.30672,แจ่มหลวง,กัลยาณิวัฒนา,เชียงใหม่,ปิง,น้ำแม่แจ่มตอนบน,,,
FOP054,สะพานแม่น้ำลาว,19.108192,99.45523,แม่เจดีย์ใหม่,เวียงป่าเป้า,เชียงราย,โขงเหนือ,น้ำแม่ลาวส่วนที่ 1,,,
FOP055,คลองกั้ง,17.716375,100.12409,บ้านด่านนาขาม,เมืองอุตรดิตถ์,อุตรดิตถ์,น่าน,แม่น้ำน่านส่วนที่ 4/1,,,
FOP056,คลองจอมแจ้ง,17.702343,100.02168,แม่พูล,ลับแล,อุตรดิตถ์,น่าน,แม่น้ำน่านส่วนที่ 4/2,,,
FOP057,บ้านประดู่,8.212015,99.703285,นาหลวงเสน,ทุ่งสง,นครศรีธรรมราช,ภาคใต้ฝั่งตะวันตก,แม่น้ำตรัง,70.406,70.406,66.496
FOP058,บ้านใต้,8.17833,99.70355,นาหลวงเสน,ทุ่งสง,นครศรีธรรมราช,ภาคใต้ฝั่งตะวันตก,แม่น้ำตรัง,62.746,63.279,59.019
FOP061,บ้านคลองวาย หมู่ที่ 7,9.368531,98.86746,ตะกุกเหนือ,วิภาวดี,สุราษฎร์ธานี,ภาคใต้ฝั่งตะวันออกตอนบน,คลองพุมดวงตอนล่าง,154.626,154.602,150.416
FOP062,บ้านคลองใส หมู่ที่ 8,9.314682,98.88985,ตะกุกเหนือ,วิภาวดี,สุราษฎร์ธานี,ภาคใต้ฝั่งตะวันออกตอนบน,คลองพุมดวงตอนล่าง,123.972,124.198,118.17
FOP063,บ้านคลองมุย หมู่ที่ 13,9.252886,98.85421,ตะกุกเหนือ,วิภาวดี,สุราษฎร์ธานี,ภาคใต้ฝั่งตะวันออกตอนบน,คลองพุมดวงตอนล่าง,113.602,113.911,110.445
GLF001,ป้อมพระจุลจอมเกล้า,13.57379,100.57397,แหลมฟ้าผ่า,พระสมุทรเจดีย์,สมุทรปราการ,เจ้าพระยา,ที่ราบแม่น้ำเจ้าพระยา,1.856,1.949,-1.573
HDA001,ปตร.หันตรา,14.374549,100.58436,บ้านเกาะ,พระนครศรีอยุธยา,พระนครศรีอยุธยา,ป่าสัก,แม่น้ำป่าสักตอนล่างส่วนที่ 2,,,
HDA002,ปตร.กระมัง (ปากคลองข้าวเม่า),14.355069,100.58359,หัวรอ,พระนครศรีอยุธยา,พระนครศรีอยุธยา,เจ้าพระยา,ที่ราบแม่น้ำเจ้าพระยา,,,
HDA003,ปตร.กลางคลองข้าวเม่า (วัดกระสังข์),14.357301,100.60567,หันตรา,พระนครศรีอยุธยา,พระนครศรีอยุธยา,เจ้าพระยา,ที่ราบแม่น้ำเจ้าพระยา,,,
HDA004,คลองช่องสะเดา,14.344739,100.670074,อุทัย,อุทัย,พระนครศรีอยุธยา,เจ้าพระยา,ที่ราบแม่น้ำเจ้าพระยา,3.33,3.027,0.227
HDA005,วัดขนอนใต้,14.288234,100.61133,บ้านกรด,บางปะอิน,พระนครศรีอยุธยา,เจ้าพระยา,ที่ราบแม่น้ำเจ้าพระยา,2.613,2.537,-1.967
JNA001,จะนะ,6.917074,100.72969,บ้านนา,จะนะ,สงขลา,ทะเลสาบสงขลา,คลองนาทวี,4.754,6.351,2.688
JNA002,นาทวี,6.7380614,100.69319,นาทวี,นาทวี,สงขลา,ทะเลสาบสงขลา,คลองนาทวี,22.712,23.065,17.746
KON001,วังสะพุง,17.312298,101.77255,วังสะพุง,วังสะพุง,เลย,โขงตะวันออกเฉียงเหนือ,แม่น้ำเลยตอนล่างส่วนที่ 1,248.131,246.891,237.878
KON002,เมืองเลย,17.509333,101.73663,ชัยพฤกษ์,เมืองเลย,เลย,โขงตะวันออกเฉียงเหนือ,แม่น้ำเลยตอนล่างส่วนที่ 2,239.586,238.182,228.311
KON003,สุวรรณคูหา,17.575682,102.27325,นาสี,สุวรรณคูหา,หนองบัวลำภู,โขงตะวันออกเฉียงเหนือ,น้ำโมง,201.673,199.189,195.081
KON004,เมืองอุดรธานี,17.482353,102.79713,หมูม่น,เมืองอุดรธานี,อุดรธานี,โขงตะวันออกเฉียงเหนือ,ห้วยหลวงส่วนที่ 1,172.263,171.007,165.056
KON005,บ้านดุง,17.639353,103.0984,นาคำ,บ้านดุง,อุดรธานี,โขงตะวันออกเฉียงเหนือ,ห้วยหลวงส่วนที่ 2,162.901,161.101,152.147
KRN001,เมืองกาญจนบุรี,14.060443,99.48324,แก่งเสี้ยน,เมืองกาญจนบุรี,กาญจนบุรี,แม่กลอง,แม่น้ำแควใหญ่ตอนล่างส่วนที่ 2,26.37,25.685,20.28
KRN002,ไทรโยค,14.112655,99.14636,ลุ่มสุ่ม,ไทรโยค,กาญจนบุรี,แม่กลอง,แม่น้ำแควน้อยตอนล่างส่วนที่ 2,46.515,46.772,30.012
KRN004,ลิ่นถิ่น,14.5356,98.78765,ไทรโยค,ไทรโยค,กาญจนบุรี,แม่กลอง,แม่น้ำแควน้อยตอนบนส่วนที่ 2,70.524,72.886,59.85
KWN001,นครไทย,17.107029,100.84589,นครไทย,นครไทย,พิษณุโลก,น่าน,แม่น้ำแควน้อยส่วนที่ 1,201.195,202.291,196.785
LBI001,บางปะหัน,14.42731,100.55606,โพธิ์สามต้น,บางปะหัน,พระนครศรีอยุธยา,เจ้าพระยา,ที่ราบแม่น้ำเจ้าพระยา,4.691,9.096,-4.415
MDC001,ตลาดเก่าตะกั่วป่า,8.829423,98.36931,โคกเคียน,ตะกั่วป่า,พังงา,ภาคใต้ฝั่งตะวันตก,คลองตะกั่วป่า,4.435,3.618,-2.47
MDC005,คลองนาท่อม,7.5588346,99.98757,ร่มเมือง,เมืองพัทลุง,พัทลุง,ทะเลสาบสงขลา,ทะเลหลวง,29.28,29.28,16.28
MUN002,เฉลิมพระเกียรติ,14.968005,102.23786,หนองยาง,เฉลิมพระเกียรติ,นครราชสีมา,มูล,ลำน้ำมูลตอนบนส่วนที่ 3,167.825,169.871,160.876
MUN003,ชุมพวง,15.286591,102.68462,ท่าลาด,ชุมพวง,นครราชสีมา,มูล,ลำปลายมาศ,147.568,148.676,139.977
MUN005,ราษีไศล,15.339495,104.15238,เมืองคง,ราษีไศล,ศรีสะเกษ,มูล,ลำน้ำมูลส่วนที่ 3/1,118.124,118.446,108.904
MUN009,เมืองสุรินทร์,14.875471,103.37901,ตระแสง,เมืองสุรินทร์,สุรินทร์,มูล,ลำชี,137.971,137.326,128.12
MUN010,เมืองศรีสะเกษ,15.118125,104.318596,เมืองเหนือ,เมืองศรีสะเกษ,ศรีสะเกษ,มูล,ห้วยสำราญ,118.176,124.99,109.413
MUN011,พิบูลมังสาหาร,15.249662,105.2393,โพธิ์ศรี,พิบูลมังสาหาร,อุบลราชธานี,มูล,ลำน้ำมูลตอนล่างส่วนที่ 1,112.407,114.533,104.419
MUN012,ประโคนชัย,14.633018,103.23046,ไพศาล,ประโคนชัย,บุรีรัมย์,มูล,ลำชี,149.921,151,142.047
MUN014,สตึก,15.299857,103.29231,นิคม,สตึก,บุรีรัมย์,มูล,ลำน้ำมูลส่วนที่ 2/4,132.153,130.62,121.691
NAN001,ท่าวังผา,19.096117,100.80263,ท่าวังผา,ท่าวังผา,น่าน,น่าน,แม่น้ำน่านส่วนที่ 2/1,223.307,223.474,216.328
NAN002,ภูเพียง,18.859726,100.817116,เมืองจัง,ภูเพียง,น่าน,น่าน,แม่น้ำน่านส่วนที่ 2/2,208.239,205.643,195.061
NAN003,เมืองน่าน,18.738026,100.75609,ท่าน้าว,ภูเพียง,น่าน,น่าน,แม่น้ำน่านส่วนที่ 2/3,195.433,196.701,187.025
NAN004,พิชัย,17.294397,100.08279,ในเมือง,พิชัย,อุตรดิตถ์,น่าน,แม่น้ำน่านส่วนที่ 4/2,52.654,51.539,43.678
NAN005,แม่น้ำเข็ก (ว้งทอง),16.855001,100.6668,วังนกแอ่น,วังทอง,พิษณุโลก,น่าน,แม่น้ำวังทอง,140.171,141.061,133.875
NAN006,บางกระทุ่ม,16.580505,100.23859,โคกสลุด,บางกระทุ่ม,พิษณุโลก,น่าน,แม่น้ำน่านตอนล่างส่วนที่ 1,39.856,40.151,29.14
NAN007,ตะพานหิน,16.270405,100.41391,งิ้วราย,ตะพานหิน,พิจิตร,น่าน,แม่น้ำน่านตอนล่างส่วนที่ 2,34.849,34.162,21.693
NAN008,ชุมแสง,15.8692,100.26484,เกยไชย,ชุมแสง,นครสวรรค์,น่าน,แม่น้ำน่านตอนล่างส่วนที่ 2,28.685,27.97,16.208
NAN009,เวียงสา,18.54995,100.76153,ส้าน,เวียงสา,น่าน,น่าน,แม่น้ำน่านส่วนที่ 3/1,186.396,182.576,176.294
NAN010,น้ำปาด,17.790888,100.74903,บ้านฝาย,น้ำปาด,อุตรดิตถ์,น่าน,น้ำปาด,162.822,159.459,152.424
NAN011,เมืองอุตรดิตถ์,17.610168,100.099396,ป่าเซ่า,เมืองอุตรดิตถ์,อุตรดิตถ์,น่าน,แม่น้ำน่านส่วนที่ 4/1,58.02,60.341,49.677
NAN012,เมืองพิษณุโลก,16.86472,100.24479,ปากโทก,เมืองพิษณุโลก,พิษณุโลก,น่าน,แม่น้ำน่านตอนล่างส่วนที่ 1,45.326,45.422,32.561
NAN013,วังทอง,16.822168,100.43161,วังทอง,วังทอง,พิษณุโลก,น่าน,แม่น้ำวังทอง,49.241,49.565,38.363
NAN014,ตรอน,17.418352,100.13079,หาดสองแคว,ตรอน,อุตรดิตถ์,น่าน,แม่น้ำน่านส่วนที่ 4/2,58.303,52.156,44.976
NKO001,ทุ่งสง,8.174972,99.67887,ปากแพรก,ทุ่งสง,นครศรีธรรมราช,ภาคใต้ฝั่งตะวันตก,แม่น้ำตรัง,55.203,55.685,50.573
NKO002,เชียรใหญ่,8.089507,100.12789,การะเกด,เชียรใหญ่,นครศรีธรรมราช,ภาคใต้ฝั่งตะวันออกตอนบน,ภาคใต้ฝั่งตะวันออกส่วนที่ 4,3.322,4.017,-13.352
NKO003,ถ้ำพรรณรา,8.391203,99.3952,ถ้ำพรรณรา,ถ้ำพรรณรา,นครศรีธรรมราช,ภาคใต้ฝั่งตะวันออกตอนบน,แม่น้ำตาปีตอนบนส่วนที่ 2,20.854,21.854,10.436
NKO004,ทุ่งใหญ่,8.414569,99.24979,บางรูป,ทุ่งใหญ่,นครศรีธรรมราช,ภาคใต้ฝั่งตะวันออกตอนบน,คลองสินปุน,16.24,16.56,9.62
NPI001,ท่าศาลา,8.786922,99.91124,สระแก้ว,ท่าศาลา,นครศรีธรรมราช,ภาคใต้ฝั่งตะวันออกตอนบน,คลองกลาย,6.333,3.537,-3.574
NPI002,นบพิตำ,8.720036,99.79616,สระแก้ว,ท่าศาลา,นครศรีธรรมราช,ภาคใต้ฝั่งตะวันออกตอนบน,คลองกลาย,21.405,23.311,10.354
NYK000,องครักษ์,14.113654,101.01957,องครักษ์,องครักษ์,นครนายก,บางปะกง,แม่น้ำนครนายก,2.577,2.953,-3.173
ONE001,สะพานท่าน้ำ,8.109204,98.905464,ปากน้ำ,เมืองกระบี่,กระบี่,ภาคใต้ฝั่งตะวันตก,ภาคใต้ฝั่งตะวันตกส่วนที่ 2,4.032,4.942,0.431
ONE002,สะพานข้ามคลองกระบี่ใหญ่ 1,8.18757,98.87916,ทับปริก,เมืองกระบี่,กระบี่,ภาคใต้ฝั่งตะวันตก,ภาคใต้ฝั่งตะวันตกส่วนที่ 2,26.159,26.738,22.532
ONE003,สะพานคลองอิปัน,8.525812,98.88183,ปลายพระยา,ปลายพระยา,กระบี่,ภาคใต้ฝั่งตะวันออกตอนบน,คลองอิปัน,42.186,45.069,35.285
ONE004,สะพานข้ามคลองตะโก,10.077719,98.98687,ตะโก,ทุ่งตะโก,ชุมพร,ภาคใต้ฝั่งตะวันออกตอนบน,ภาคใต้ฝั่งตะวันออกตอนบนส่วนที่ 2,69.998,70.529,67.162
ONE005,สะพานหนองจิก-วังปลา,10.112894,99.07552,ช่องไม้แก้ว,ทุ่งตะโก,ชุมพร,ภาคใต้ฝั่งตะวันออกตอนบน,ภาคใต้ฝั่งตะวันออกตอนบนส่วนที่ 2,6.952,9.69,3.55
ONE006,ปตร.ธรณิศนฤมิต-เหนือน้ำ,16.92315,104.71618,น้ำก่ำ,ธาตุพนม,นครพนม,โขงตะวันออกเฉียงเหนือ,ห้วยน้ำก่ำ,140.252,140.86,128.17
ONE007,ปตร.ธรณิศนฤมิต-ท้ายน้ำ,16.92222,104.71622,น้ำก่ำ,ธาตุพนม,นครพนม,โขงตะวันออกเฉียงเหนือ,ห้วยน้ำก่ำ,139.447,143.525,128.654
ONE008,ปตร. ห้วยแคน-เหนือน้ำ,16.92842,104.72051,ธาตุพนม,ธาตุพนม,นครพนม,โขงตะวันออกเฉียงเหนือ,ห้วยน้ำก่ำ,139.892,140.596,133.964
ONE009,ปตร. ห้วยแคน-ท้ายน้ำ,16.92798,104.7203,ธาตุพนม,ธาตุพนม,นครพนม,โขงตะวันออกเฉียงเหนือ,ห้วยน้ำก่ำ,138.722,139.222,132.762
ONE010,สะพานบ้านแก่งโพธิ์,16.929127,104.70069,น้ำก่ำ,ธาตุพนม,นครพนม,โขงตะวันออกเฉียงเหนือ,ห้วยน้ำก่ำ,139.12,140.778,129.685
ONE011,ปตร.บ้านนาคู่-เหนือน้ำ,16.96218,104.52514,นาคู่,นาแก,นครพนม,โขงตะวันออกเฉียงเหนือ,ห้วยน้ำก่ำ,144.856,144.752,135.854
ONE012,ปตร. บ้านนาคู่-ท้ายน้ำ,16.96175,104.52583,นาคู่,นาแก,นครพนม,โขงตะวันออกเฉียงเหนือ,ห้วยน้ำก่ำ,144.856,144.822,136.318
ONE013,สะพานมิตรภาพท่าลาดปากบัง,16.992975,104.59141,ท่าลาด,เรณูนคร,นครพนม,โขงตะวันออกเฉียงเหนือ,ห้วยน้ำก่ำ,139.462,138.368,134.848
ONE014,ปตร. บ้านนาขาม-เหนือน้ำ,17.00136,104.42568,วังยาง,วังยาง,นครพนม,โขงตะวันออกเฉียงเหนือ,ห้วยน้ำก่ำ,150.808,148.642,138.56
ONE016,สะพานน้ำก่ำ บ้านหนองแคน,17.05724,104.36371,ยอดชาด,วังยาง,นครพนม,โขงตะวันออกเฉียงเหนือ,ห้วยน้ำก่ำ,149.274,149.723,144.598
ONE018,ปตร. บ้านนาบัว-ท้ายน้ำ,17.06482,104.57887,โคกหินแฮ่,เรณูนคร,นครพนม,โขงตะวันออกเฉียงเหนือ,ห้วยน้ำก่ำ,143.788,141.531,137.507
ONE019,ปตร.บ้านตับเต่า-เหนือน้ำ,17.11538,104.53789,หนองเทาใหญ่,ปลาปาก,นครพนม,โขงตะวันออกเฉียงเหนือ,ห้วยน้ำก่ำ,149.357,149.909,141.457
ONE020,ปตร. บ้านตับเต่า-ท้ายน้ำ,17.11483,104.53838,หนองเทาใหญ่,ปลาปาก,นครพนม,โขงตะวันออกเฉียงเหนือ,ห้วยน้ำก่ำ,149.522,149.365,140.902
ONE021,คลองเชียงไกร บ้านดอน,15.225133,101.762184,ด่านขุนทด,ด่านขุนทด,นครราชสีมา,มูล,ลำเชิงไกร,,,
ONE022,คลองสามบาท บ้านกุดพิมาน,15.310626,101.744,กุดพิมาน,ด่านขุนทด,นครราชสีมา,มูล,ลำเชิงไกร,201.966,202.576,200.612
ONE023,สะพานข้ามคลองท่าแพ,8.166412,99.704285,ปากแพรก,ทุ่งสง,นครศรีธรรมราช,ภาคใต้ฝั่งตะวันตก,แม่น้ำตรัง,62.563,60.855,57.219
ONE024,สะพานข้ามคลองบางม่วง,7.365291,100.279625,ฝาละมี,ปากพะยูน,พัทลุง,ทะเลสาบสงขลา,ทะเลหลวง,1.158,1.403,-2.958
ONE025,สะพานข้ามคลองลำปำ,7.62277,100.14689,ลำปำ,เมืองพัทลุง,พัทลุง,ทะเลสาบสงขลา,ทะเลหลวง,1.95,1.372,-2.252
ONE026,สะพานข้ามแม่น้ำยมสายเก่า-บ้านวังน้ำบ่อ,17.01305,100.0605,วังวน,พรหมพิราม,พิษณุโลก,ยม,คลองบางแก้ว,,,
ONE028,ปตร. บ้านหนองบึง-เหนือน้ำ,17.081032,104.36085,ด่านม่วงคำ,โคกศรีสุพรรณ,สกลนคร,โขงตะวันออกเฉียงเหนือ,ห้วยน้ำก่ำ,153.629,153.969,144.332
ONE029,ปตร. บ้านหนองบึง-ท้ายน้ำ,17.080126,104.36071,ด่านม่วงคำ,โคกศรีสุพรรณ,สกลนคร,โขงตะวันออกเฉียงเหนือ,ห้วยน้ำก่ำ,154.865,154.001,135.371
ONE030,สะพานขามคลองเตียก,17.126007,104.14096,ดงมะไฟ,เมืองสกลนคร,สกลนคร,โขงตะวันออกเฉียงเหนือ,น้ำพุง,163.4,164.743,160.56
ONE033,สะพานข้ามคลองโมง,17.166725,104.11901,ธาตุเชิงชุม,เมืองสกลนคร,สกลนคร,โขงตะวันออกเฉียงเหนือ,น้ำพุง,164.42,160.904,156.779
ONE034,สะพานข้ามห้วยสมอ,17.208967,104.10179,ธาตุนาเวง,เมืองสกลนคร,สกลนคร,โขงตะวันออกเฉียงเหนือ,น้ำพุง,161.966,161.73,159.168
ONE035,สะพานข้ามคลองเทพา,6.5340877,100.96343,จะแหน,สะบ้าย้อย,สงขลา,ทะเลสาบสงขลา,คลองเทพา,19.703,19.753,12.34
ONE036,สะพานเทพาสันติสุข,6.825141,100.972626,เทพา,เทพา,สงขลา,ทะเลสาบสงขลา,คลองเทพา,2.428,3.207,-3.535
ONE037,สะพานข้ามคลองอู่ตะเภา,7.1350408,100.45319,คูเต่า,หาดใหญ่,สงขลา,ทะเลสาบสงขลา,ทะเลสาบสงขลา ( ลุ่มน้ำสาขา ),0.836,1.127,-4.515
ONE038,สะพานสวนเฉลิมพระเกียรติ 72 พรรษามหาราชินี,7.1827664,100.59454,หัวเขา,สิงหนคร,สงขลา,ทะเลสาบสงขลา,ทะเลสาบสงขลา ( ลุ่มน้ำสาขา ),0.902,1.008,-0.804
ONE039,สะพานข้ามคลองระโนด,7.769897,100.30211,ระโนด,ระโนด,สงขลา,ทะเลสาบสงขลา,ทะเลหลวง,1.175,1.773,-1.313
ONE040,สะพานข้ามแม่น้ำยมสายเก่า-ตำบลไกรใน,17.0742,100.006,ไกรใน,กงไกรลาศ,สุโขทัย,ยม,คลองบางแก้ว,,,
ONE041,สะพานข้ามแม่น้ำยมสายเก่า-วัดปากน้ำ,17.2195,99.8895,ปากน้ำ,สวรรคโลก,สุโขทัย,ยม,แม่น้ำยมตอนล่างส่วนที่ 2,,,
ONE042,สะพานคลองแม่น้ำเก่า,17.3414,99.8555,ในเมือง,สวรรคโลก,สุโขทัย,ยม,แม่น้ำยมตอนล่างส่วนที่ 2,,,
ONE043,สะพานผันน้ำยม-น่าน1,17.3674,99.8759,ในเมือง,สวรรคโลก,สุโขทัย,ยม,แม่น้ำยมตอนล่างส่วนที่ 2,,,
ONE045,สะพานข้ามคลองปากหมาก,9.492312,98.919945,ปากหมาก,ไชยา,สุราษฎร์ธานี,ภาคใต้ฝั่งตะวันออกตอนบน,ภาคใต้ฝั่งตะวันออกส่วนที่ 2,100.211,98.946,96.33
ONE046,สะพานข้ามคลองท่าชนะ,9.576609,99.12949,คลองพา,ท่าชนะ,สุราษฎร์ธานี,ภาคใต้ฝั่งตะวันออกตอนบน,ภาคใต้ฝั่งตะวันออกส่วนที่ 2,16.506,14.544,4.26
ONE048,สะพานผันน้ำยม-น่าน2,17.321,100.012,คอรุม,พิชัย,อุตรดิตถ์,ยม,คลองบางแก้ว,,,
PAI001,เมืองแม่ฮ่องสอน,19.366999,97.96668,ปางหมู,เมืองแม่ฮ่องสอน,แม่ฮ่องสอน,สาละวิน,น้ำแม่ปายตอนล่างส่วนที่ 2,205.974,208.06,199.763
PAI002,ปาย,19.37388,98.43969,เวียงเหนือ,ปาย,แม่ฮ่องสอน,สาละวิน,น้ำแม่ปายตอนบน,506.853,506.465,497.9
PAS001,หล่มสัก,16.78148,101.24671,หล่มสัก,หล่มสัก,เพชรบูรณ์,ป่าสัก,แม่น้ำป่าสักตอนบน,144.47,145.238,138.706
PAS002,เมืองเพชรบูรณ์,16.447943,101.17014,สะเดียง,เมืองเพชรบูรณ์,เพชรบูรณ์,ป่าสัก,แม่น้ำป่าสักส่วนที่ 2,116.179,116.127,108.607
PAS003,หนองไผ่,16.11501,101.097084,นาเฉลียง,หนองไผ่,เพชรบูรณ์,ป่าสัก,แม่น้ำป่าสักส่วนที่ 3/1,93.54,96.021,88.24
PAS008,ท่าเรือ,14.5601425,100.71988,ท่าเรือ,ท่าเรือ,พระนครศรีอยุธยา,ป่าสัก,แม่น้ำป่าสักตอนล่างส่วนที่ 2,7.381,6.124,-5.446
PAS009,นครหลวง,14.40271,100.5864,บ่อโพง,นครหลวง,พระนครศรีอยุธยา,ป่าสัก,แม่น้ำป่าสักตอนล่างส่วนที่ 2,3.882,5.234,-5.347
PAT001,บันนังสตา,6.262088,101.26825,บันนังสตา,บันนังสตา,ยะลา,ภาคใต้ฝั่งตะวันออกตอนล่าง,แม่น้ำปัตตานีตอนล่าง,38.678,38.348,19.79
PAT002,เมืองยะลา,6.675259,101.28636,ตาเซะ,เมืองยะลา,ยะลา,ภาคใต้ฝั่งตะวันออกตอนล่าง,แม่น้ำปัตตานีตอนล่าง,13.85,13.85,1.74
PIN001,บ้านตาก,17.04065,99.06627,ตากตก,บ้านตาก,ตาก,ปิง,แม่น้ำปิงส่วนที่ 4/2,121.603,122.568,117.722
PIN002,เมืองตาก,16.786549,99.18397,ประดาง,วังเจ้า,ตาก,ปิง,แม่น้ำปิงส่วนที่ 4/3,103.725,101.325,98.699
PIN003,สะพานลานดอกไม้,16.628176,99.43255,ลานดอกไม้,เมืองกำแพงเพชร,กำแพงเพชร,ปิง,แม่น้ำปิงส่วนที่ 4/5,86.131,84.642,80.145
PIN004,ขาณุวรลักษบุรี,16.064789,99.860275,ป่าพุทรา,ขาณุวรลักษบุรี,กำแพงเพชร,ปิง,แม่น้ำปิงตอนล่าง,45.331,46.707,38.988
PIN005,เก้าเลี้ยว,15.850501,100.05206,หัวดง,เก้าเลี้ยว,นครสวรรค์,ปิง,แม่น้ำปิงตอนล่าง,31.533,32.821,26.293
PIN006,เมืองกำแพงเพชร (P7A),16.47815,99.51863,นครชุม,เมืองกำแพงเพชร,กำแพงเพชร,ปิง,แม่น้ำปิงตอนล่าง,78.634,78.165,70.252
PRC001,กบินทร์บุรี,13.986638,101.705475,กบินทร์,กบินทร์บุรี,ปราจีนบุรี,บางปะกง,แม่น้ำปราจีนบุรีตอนล่าง,11.431,11.539,-1.794
PRC002,เมืองปราจีนบุรี,14.053526,101.38687,หน้าเมือง,เมืองปราจีนบุรี,ปราจีนบุรี,บางปะกง,แม่น้ำปราจีนบุรีตอนล่าง,5.339,4.044,-4.865
PRC003,นาดี,14.133589,101.72767,สะพานหิน,นาดี,ปราจีนบุรี,บางปะกง,แม่น้ำหนุมาน,16.782,18.087,7.472
PRC004,ประจันตคาม (KGT7A),14.07091,101.51891,ประจันตคาม,ประจันตคาม,ปราจีนบุรี,บางปะกง,แม่น้ำปราจีนบุรีตอนล่าง,6.8545,6.6625,0.91
PRC005,ศรีมหาโพธิ (KGT6),13.973438,101.51753,บ้านทาม,ศรีมหาโพธิ,ปราจีนบุรี,บางปะกง,แม่น้ำปราจีนบุรีตอนล่าง,7.5808,7.9828,-2.56
PYO001,ท้ายกว๊านพะเยา,19.159813,99.91413,เวียง,เมืองพะเยา,พะเยา,โขงเหนือ,แม่น้ำอิงตอนบน,393.461,392.528,387.24
RAY001,เมืองแกลง,12.803016,101.65024,บ้านนา,แกลง,ระยอง,ชายฝั่งทะเลตะวันออก,แม่น้ำประแส,3.966,4.375,-2.445
RAY002,หนองบัว,12.849211,101.30128,หนองบัว,บ้านค่าย,ระยอง,ชายฝั่งทะเลตะวันออก,คลองใหญ่,17.008,15.967,8.57
RAY003,ทับมา,12.73787,101.22844,ทับมา,เมืองระยอง,ระยอง,ชายฝั่งทะเลตะวันออก,คลองใหญ่,11.482,12.266,8.18
RAY004,บ้านค่าย,12.706833,101.30044,ตาขัน,บ้านค่าย,ระยอง,ชายฝั่งทะเลตะวันออก,คลองใหญ่,5.191,3.333,0.13
RNG001,เมืองระนอง,9.961652,98.64457,เขานิเวศน์,เมืองระนอง,ระนอง,ภาคใต้ฝั่งตะวันตก,ภาคใต้ฝั่งตะวันตกตอนบน,10.752,14.568,7.368
SAY001,สุคิริน,5.9393053,101.77468,สุคิริน,สุคิริน,นราธิวาส,ภาคใต้ฝั่งตะวันออกตอนล่าง,แม่น้ำสายบุรี,104.101,102.481,86.833
SAY002,ศรีสาคร,6.2272553,101.49692,ศรีสาคร,ศรีสาคร,นราธิวาส,ภาคใต้ฝั่งตะวันออกตอนล่าง,แม่น้ำสายบุรี,35.04,35.03,22.49
SKE001,คลองพระปรง,13.937334,101.92216,บ้านแก้ง,เมืองสระแก้ว,สระแก้ว,บางปะกง,แม่น้ำพระปรงส่วนที่ 1,19.615,21.249,10.194
SKE002,เมืองสระแก้ว,13.809593,102.05429,สระขวัญ,เมืองสระแก้ว,สระแก้ว,บางปะกง,คลองพระสทึง,35.156,34.76,24.287
SKE003,คลองพรหมโหด,13.705829,102.48168,บ้านใหม่หนองไทร,อรัญประเทศ,สระแก้ว,โตนเลสาป,ห้วยพรมโหด,44.661,44.296,40.699
SKG002,เมืองอุทัยธานี,15.370821,100.04418,อุทัยใหม่,เมืองอุทัยธานี,อุทัยธานี,สะแกกรัง,แม่น้ำสะแกกรังตอนล่างส่วนที่ 3,17.66,19.999,10.539
SKG003,สะพานต้นน้ำ (เกาะแก้ว-ตลิ่งสูง),15.914381,99.41935,ปางมะค่า,ขาณุวรลักษบุรี,กำแพงเพชร,สะแกกรัง,น้ำแม่วง,119.23,118.12,102.34
SKG004,สะพานแม่เล่ย์,15.841719,99.418076,แม่เล่ย์,แม่วงก์,นครสวรรค์,สะแกกรัง,น้ำแม่วง,137.54,136.59,111.91
SKG005,สะพานแม่วงก์,15.901767,99.47039,ปางมะค่า,ขาณุวรลักษบุรี,กำแพงเพชร,สะแกกรัง,น้ำแม่วง,114.69,115.09,108.91
SKG007,คลองกลาง,15.7832365,99.65319,ศาลเจ้าไก่ต่อ,ลาดยาว,นครสวรรค์,สะแกกรัง,แม่น้ำสะแกกรังตอนล่างส่วนที่ 1,74.1,74.15,70.31
SKM001,อากาศอำนวย,17.777594,104.015045,โพนงาม,อากาศอำนวย,สกลนคร,โขงตะวันออกเฉียงเหนือ,แม่น้ำสงครามตอนล่างส่วนที่ 2,142.857,144.219,131.865
SKM003,บ้านม่วง,17.821562,103.38696,ห้วยหลัว,บ้านม่วง,สกลนคร,โขงตะวันออกเฉียงเหนือ,แม่น้ำสงครามตอนบน,154.8,155.278,145.738
SKM004,ศรีสงคราม,17.67487,104.28575,ศรีสงคราม,ศรีสงคราม,นครพนม,โขงตะวันออกเฉียงเหนือ,แม่น้ำสงครามตอนล่างส่วนที่ 4,143.694,145.404,130.786
SKM005,สว่างแดนดิน,17.594711,103.38447,โพนสูง,สว่างแดนดิน,สกลนคร,โขงตะวันออกเฉียงเหนือ,แม่น้ำสงครามตอนบน,157.313,156.234,148.36
SLA001,หาดใหญ่,6.9801226,100.463234,คอหงส์,หาดใหญ่,สงขลา,ทะเลสาบสงขลา,ทะเลสาบสงขลา ( ลุ่มน้ำสาขา ),7.892,9.175,-3.258
SLA002,คลองหอยโข่ง,6.9312415,100.43985,ทุ่งลาน,คลองหอยโข่ง,สงขลา,ทะเลสาบสงขลา,ทะเลสาบสงขลา ( ลุ่มน้ำสาขา ),9.339,11.211,-1.013
SLA003,สะเดา,6.796684,100.44239,ท่าโพธิ์,สะเดา,สงขลา,ทะเลสาบสงขลา,ทะเลสาบสงขลา ( ลุ่มน้ำสาขา ),16.589,17.17,10.636
SLA005,ปากรอ,7.2614303,100.42435,ปากรอ,สิงหนคร,สงขลา,ทะเลสาบสงขลา,ทะเลสาบสงขลา ( ลุ่มน้ำสาขา ),1.622,0.974,-6.322
SLA007,บางกล่ำ,7.079412,100.42788,ท่าช้าง,บางกล่ำ,สงขลา,ทะเลสาบสงขลา,ทะเลสาบสงขลา ( ลุ่มน้ำสาขา ),1.592,2.71,-1.739
STU001,เมืองสตูล,6.726668,100.06256,ฉลุง,เมืองสตูล,สตูล,ภาคใต้ฝั่งตะวันตก,คลองบำบัง,15.286,15.284,11.52
STU002,ละงู,6.885772,99.80433,ละงู,ละงู,สตูล,ภาคใต้ฝั่งตะวันตก,คลองละงู,2.033,3.023,-1.172
STU003,มะนัง,6.940727,99.87255,นิคมพัฒนา,มะนัง,สตูล,ภาคใต้ฝั่งตะวันตก,คลองละงู,12.884,13.184,4.144
STU004,ควนกาหลง,6.9283543,99.936035,อุใดเจริญ,ควนกาหลง,สตูล,ภาคใต้ฝั่งตะวันตก,คลองละงู,28.887,26.037,19.632
SVI001,สวี 1,10.231241,99.098434,นาโพธิ์,สวี,ชุมพร,ภาคใต้ฝั่งตะวันออกตอนบน,ภาคใต้ฝั่งตะวันออกตอนบนส่วนที่ 2,2.912,3.16,-3.351
SVI002,สวี 2,10.203324,99.04359,นาสัก,สวี,ชุมพร,ภาคใต้ฝั่งตะวันออกตอนบน,ภาคใต้ฝั่งตะวันออกตอนบนส่วนที่ 2,9.244,9.765,-2.691
SWR025,ฝายคลองท่าเลา,8.232547,99.70778,นาหลวงเสน,ทุ่งสง,นครศรีธรรมราช,ภาคใต้ฝั่งตะวันตก,แม่น้ำตรัง,123.816,123.809,120.5
TB0006,ทต.ทุ่งสะโตก,18.573914,98.86223,ทุ่งสะโตก,สันป่าตอง,เชียงใหม่,ปิง,น้ำแม่ขาน,292.182,293.284,289.839
TBW008,ฝ่ายส่งน้ำและบำรุงรักษาที่ 2,18.884207,99.082886,เมืองเล็น,สันทราย,เชียงใหม่,ปิง,น้ำแม่กวง,322.227,322.39,318.75
TBW009,อ่างเก็บน้ำแม่เกี๋ยง,18.432743,99.498314,บ้านเอื้อม,เมืองลำปาง,ลำปาง,วัง,น้ำแม่ตุ๋ย,,,
TBW014,สะพานข้ามคลองเกรียงไกร,15.843174,100.21149,บางเคียน,ชุมแสง,นครสวรรค์,น่าน,แม่น้ำน่านตอนล่างส่วนที่ 2,25.111,25.111,17.318
TBW017,สะพานข้ามลำปะเทีย,14.617069,102.90032,อีสานเขต,เฉลิมพระเกียรติ,บุรีรัมย์,มูล,ลำปะเทีย,183.338,182.79,180.701
TBW018,อ่างเก็บน้ำคูขาด,14.5599165,102.951485,ประทัดบุ,ประโคนชัย,บุรีรัมย์,มูล,ลำชี,,,
TBW021,สะพานมิตรภาพรับร่อ-หินแก้ว,10.607504,99.0954,รับร่อ,ท่าแซะ,ชุมพร,ภาคใต้ฝั่งตะวันออกตอนบน,คลองท่าตะเภา ( ลุ่มน้ำสาขา ),15.671,16.701,6.483
TBW022,สะพานแม่ฟ้าหลวง,19.92199,99.818275,รอบเวียง,เมืองเชียงราย,เชียงราย,โขงเหนือ,น้ำแม่กกตอนล่างส่วนที่ 2,394.613,392.258,388.479
TBW023,คลองแม่พุง,19.566578,99.98419,ป่าแงะ,ป่าแดด,เชียงราย,โขงเหนือ,แม่น้ำพุง,384.427,385.843,379.367
TBW024,สะพานอิงอุดม,20.196386,100.44175,ศรีดอนชัย,เชียงของ,เชียงราย,โขงเหนือ,แม่น้ำอิงตอนล่าง,349.28,349.69,335.379
TBW025,คลองปาว,16.259249,103.69044,เหล่าอ้อย,ร่องคำ,กาฬสินธุ์,ชี,ลำปาวตอนล่าง,134.124,133.249,125.276
TBW026,ห้วยยัง,16.604437,103.96215,ไค้นุ่น,ห้วยผึ้ง,กาฬสินธุ์,ชี,ลำน้ำยัง,162.184,162.953,155.151
TBW027,ลำน้ำอูน,17.322718,103.97924,สว่าง,พรรณานิคม,สกลนคร,โขงตะวันออกเฉียงเหนือ,ห้วยน้ำอูน,154.846,157.343,148.233
TBW028,บ้านโพธิ์ชัยทอง,17.599695,103.98087,อากาศ,อากาศอำนวย,สกลนคร,โขงตะวันออกเฉียงเหนือ,ห้วยน้ำยาม,152.09,150.486,142.917
TBW029,ลำน้ำยัง,16.320541,104.02246,แวง,โพนทอง,ร้อยเอ็ด,ชี,ลำน้ำยัง,142.177,144.318,132
TBW030,ลำน้ำพุง,16.996597,104.17364,เต่างอย,เต่างอย,สกลนคร,โขงตะวันออกเฉียงเหนือ,น้ำพุง,175.894,175.646,167.025
TBW032,ลำน้ำก่ำ,17.030687,104.41481,หนองบ่อ,นาแก,นครพนม,โขงตะวันออกเฉียงเหนือ,ห้วยน้ำก่ำ,152.375,154.547,142.336
TBW033,ลำเซบาย,16.195433,104.52568,สวาท,เลิงนกทา,ยโสธร,มูล,ลำเซบายส่วนที่ 1,146.637,144.663,140.269
THA001,สะพานคง-ศุข ศรีสวัสดิ์,15.225016,100.07824,หาดท่าเสา,เมืองชัยนาท,ชัยนาท,เจ้าพระยา,ที่ราบแม่น้ำเจ้าพระยา,19.785,19.418,10.034
TKP002,เมืองพังงา,8.477324,98.52832,ถ้ำน้ำผุด,เมืองพังงา,พังงา,ภาคใต้ฝั่งตะวันตก,ภาคใต้ฝั่งตะวันตกส่วนที่ 2,11.39,7.759,1.49
TNG001,ท่าสะบ้า,7.729373,99.55148,ท่าสะบ้า,วังวิเศษ,ตรัง,ภาคใต้ฝั่งตะวันตก,แม่น้ำตรัง,11.517,15.136,4.912
TNG002,เมืองตรัง,7.5559034,99.57825,บางรัก,เมืองตรัง,ตรัง,ภาคใต้ฝั่งตะวันตก,แม่น้ำตรัง,4.054,5.987,-3.086
TNG003,คลองนางน้อย,7.5683246,99.65097,นาโยงใต้,เมืองตรัง,ตรัง,ภาคใต้ฝั่งตะวันตก,แม่น้ำตรัง,16.821,16.964,14
TNG004,ปะเหลียน,7.3719873,99.67728,ท่าพญา,ปะเหลียน,ตรัง,ภาคใต้ฝั่งตะวันตก,คลองปะเหลี่ยน,5.407,4.699,-0.766
TNG005,วังวิเศษ,7.668912,99.45939,เขาวิเศษ,วังวิเศษ,ตรัง,ภาคใต้ฝั่งตะวันตก,แม่น้ำตรัง,14,14,8.592
TNG006,รัษฎา,7.9640694,99.59781,ควนเมา,รัษฎา,ตรัง,ภาคใต้ฝั่งตะวันตก,แม่น้ำตรัง,25.605,24.445,17.1
TON001,ตาพระยา,14.051254,102.88536,ทัพเสด็จ,ตาพระยา,สระแก้ว,โตนเลสาป,โตนเลสาปตอนบน (ลุ่มน้ำสาขา),59.0445,58.9445,55.69
TON002,โป่งน้ำร้อน,13.036519,102.38153,หนองตาคง,โป่งน้ำร้อน,จันทบุรี,โตนเลสาป,โตนเลสาปตอนล่าง,109.859,107.255,98.12
TPI001,พุนพิน 1,9.131241,99.258835,ท่าข้าม,พุนพิน,สุราษฎร์ธานี,ภาคใต้ฝั่งตะวันออกตอนบน,แม่น้ำตาปีตอนล่างส่วนที่ 3,2.237,2.555,-5.619
TPI002,พุนพิน 2,9.085796,99.17004,หนองไทร,พุนพิน,สุราษฎร์ธานี,ภาคใต้ฝั่งตะวันออกตอนบน,คลองพุมดวงตอนล่าง,3.85,3.635,-5.27
TPI003,พุนพิน 3,8.986816,99.2113,ท่าสะท้อน,พุนพิน,สุราษฎร์ธานี,ภาคใต้ฝั่งตะวันออกตอนบน,แม่น้ำตาปีตอนล่างส่วนที่ 2,6.469,2.619,-5.203
TPI004,ท่าขนอม,9.0294285,98.969666,ท่าขนอน,คีรีรัฐนิคม,สุราษฎร์ธานี,ภาคใต้ฝั่งตะวันออกตอนบน,คลองพุมดวงตอนล่าง,12.221,11.62,0.432
TPI005,เวียงสระ,8.571073,99.25393,ทุ่งหลวง,เวียงสระ,สุราษฎร์ธานี,ภาคใต้ฝั่งตะวันออกตอนบน,แม่น้ำตาปีตอนล่างส่วนที่ 2,9.45,12.439,3.078
TPI006,พระแสง,8.5374365,99.18096,ไทรขึง,พระแสง,สุราษฎร์ธานี,ภาคใต้ฝั่งตะวันออกตอนบน,คลองอิปัน,12.75,13.288,5.51
TPI007,วิภาวดี,9.206407,98.952484,ตะกุกเหนือ,วิภาวดี,สุราษฎร์ธานี,ภาคใต้ฝั่งตะวันออกตอนบน,คลองพุมดวงตอนล่าง,33.173,34.653,20.987
TRD001,เมืองตราด,12.325195,102.50044,ห้วยแร้ง,เมืองตราด,ตราด,ชายฝั่งทะเลตะวันออก,แม่น้ำเมืองตราด,0.772,0.69,-6.744
TRD002,ห้วยแร้ง,12.369293,102.54332,ห้วยแร้ง,เมืองตราด,ตราด,ชายฝั่งทะเลตะวันออก,แม่น้ำเมืองตราด,3.558,11.076,-4.31
TRD003,วังกระแจะ,12.262444,102.52677,วังกระแจะ,เมืองตราด,ตราด,ชายฝั่งทะเลตะวันออก,แม่น้ำเมืองตราด,1.23,1.49,-5.51
TRD004,บางพระ,12.238075,102.50981,บางพระ,เมืองตราด,ตราด,ชายฝั่งทะเลตะวันออก,แม่น้ำเมืองตราด,1.244,2.454,-1.75
VLGE12,นครป่าหมาก,16.623346,100.36923,นครป่าหมาก,บางกระทุ่ม,พิษณุโลก,น่าน,แม่น้ำวังทอง,38.627,38.93,32.864
VLGE13,ชุมแสงสงคราม,16.858543,100.05964,ชุมแสงสงคราม,บางระกำ,พิษณุโลก,ยม,แม่น้ำยมตอนล่างส่วนที่ 4,40.536,43.361,32.365
VLGE16,ชุมชนลีเล็ด,9.191749,99.25393,ลีเล็ด,พุนพิน,สุราษฎร์ธานี,ภาคใต้ฝั่งตะวันออกตอนบน,แม่น้ำตาปีตอนล่างส่วนที่ 3,1.988,2.367,-2.843
VLGE26,ชุมชนประแส,12.716431,101.7041,ปากน้ำกระแส,แกลง,ระยอง,ชายฝั่งทะเลตะวันออก,แม่น้ำประแส,,,
VLGE29,ชุมชนบ้านท่าด่าน,6.8347178,101.20043,ดอนรัก,หนองจิก,ปัตตานี,ภาคใต้ฝั่งตะวันออกตอนล่าง,ภาคใต้ฝั่งตะวันออกตอนล่างส่วนที่ 2,1.17,1.147,-12.513
VLGE36,ชุมชนห้วยไร่,17.885788,100.041565,ห้วยไร่,เด่นชัย,แพร่,ยม,แม่น้ำยมตอนกลางส่วนที่ 2,,,
VLGE40,บ้านทับคริสต์,8.725806,98.821014,คลองชะอุ่น,พนม,สุราษฎร์ธานี,ภาคใต้ฝั่งตะวันออกตอนบน,คลองสก,,,
VLGE41,ชุมชนบ้านควน 1,6.5769,101.169525,พร่อน,เมืองยะลา,ยะลา,ภาคใต้ฝั่งตะวันออกตอนล่าง,แม่น้ำปัตตานีตอนล่าง,,,
VLGE42,ชุมชนบ้านควน 2,6.5763373,101.199104,พร่อน,เมืองยะลา,ยะลา,ภาคใต้ฝั่งตะวันออกตอนล่าง,แม่น้ำปัตตานีตอนล่าง,,,
VLGE43,ชุมชนจุมจัง,16.43071,104.07318,จุมจัง,กุฉินารายณ์,กาฬสินธุ์,ชี,ลำน้ำยัง,,,
VLGE47,วัดบางแตน,13.902393,101.16799,บางแตน,บ้านสร้าง,ปราจีนบุรี,บางปะกง,แม่น้ำปราจีนบุรีตอนล่าง,,,
WAN001,สามเงา,17.260597,99.07788,วังหมัน,สามเงา,ตาก,วัง,แม่น้ำวังตอนล่างส่วนที่ 4,142.028,141.227,129.883
WAN002,แม่พริก,17.44547,99.12866,แม่พริก,แม่พริก,ลำปาง,วัง,แม่น้ำวังตอนล่างส่วนที่ 2,154.891,155.346,144.593
WAN003,เถิน,17.751686,99.23068,แม่ถอด,เถิน,ลำปาง,วัง,แม่น้ำวังตอนล่างส่วนที่ 2,178.681,178.49,168.964
WAN004,เกาะคา,18.159119,99.38409,วังพร้าว,เกาะคา,ลำปาง,วัง,แม่น้ำวังตอนกลางส่วนที่ 2,214.45,214.772,209.304
WAN005,เมืองลำปาง,18.342989,99.53712,ต้นธงชัย,เมืองลำปาง,ลำปาง,วัง,แม่น้ำวังตอนกลางส่วนที่ 1,237.843,238.297,231.189
WEI011,เหนือฝายยางกะฮาด,15.639149,102.039345,กะฮาด,เนินสง่า,ชัยภูมิ,ชี,ลำน้ำชีส่วนที่ 2/2,,,
WEI012,ท้ายฝายยางกะฮาด,15.638414,102.04003,กะฮาด,เนินสง่า,ชัยภูมิ,ชี,ลำน้ำชีส่วนที่ 2/2,,,
WEI021,เหนือฝายยางแก้งสนามนาง,15.790654,102.30441,โนนสำราญ,แก้งสนามนาง,นครราชสีมา,ชี,ลำน้ำชีส่วนที่ 2/2,,,
WEI022,ท้ายฝายยางแก้งสนามนาง,15.791181,102.30518,โนนสำราญ,แก้งสนามนาง,นครราชสีมา,ชี,ลำน้ำชีส่วนที่ 2/2,,,
WEI031,เหนือฝายชนบท,16.073935,102.49413,โนนพะยอม,ชนบท,ขอนแก่น,ชี,ลำน้ำชีส่วนที่ 3,,,
WEI032,ท้ายฝายชนบท,16.074396,102.49476,โนนพะยอม,ชนบท,ขอนแก่น,ชี,ลำน้ำชีส่วนที่ 3,,,
WEI041,เหนือฝายหนองหวาย,16.724548,102.80351,น้ำพอง,น้ำพอง,ขอนแก่น,ชี,ลำน้ำพองตอนล่างส่วนที่ 1,,,
WEI051,เหนือฝายมหาสารคาม,16.369139,102.947624,หนองบัว,โกสุมพิสัย,มหาสารคาม,ชี,ลำน้ำชีส่วนที่ 4/1,,,
WEI052,ท้ายฝายมหาสารคาม,16.36599,102.94977,หนองบัว,โกสุมพิสัย,มหาสารคาม,ชี,ลำน้ำชีส่วนที่ 4/1,,,
WEI061,เหนือฝายวังยาง,16.1994,103.472946,ลำชี,ฆ้องชัย,กาฬสินธุ์,ชี,ลำน้ำชีส่วนที่ 4/1,,,
WEI062,ท้ายฝายวังยาง,16.200172,103.473526,ลำชี,ฆ้องชัย,กาฬสินธุ์,ชี,ลำน้ำชีส่วนที่ 4/1,,,
WEI071,เหนือฝายร้อยเอ็ด,16.172606,103.78899,พระธาตุ,เชียงขวัญ,ร้อยเอ็ด,ชี,ลำน้ำชีส่วนที่ 4/2,,,
WEI072,ท้ายฝายร้อยเอ็ด,16.17223,103.78976,พระธาตุ,เชียงขวัญ,ร้อยเอ็ด,ชี,ลำน้ำชีส่วนที่ 4/2,,,
WEI081,เหนือฝายยโสธร,15.732544,104.1318,แสนสุข,พนมไพร,ร้อยเอ็ด,ชี,ลำน้ำชีตอนล่าง,,,
WEI091,เหนือฝายธาตุน้อย,15.31053,104.45604,สหธาตุ,เขื่องใน,อุบลราชธานี,ชี,ลำน้ำชีตอนล่าง,,,
WEI092,ท้ายฝายธาตุน้อย,15.310816,104.45696,สหธาตุ,เขื่องใน,อุบลราชธานี,ชี,ลำน้ำชีตอนล่าง,,,
WEI101,เหนือฝายหัวนา,15.13496,104.70208,หนองแก้ว,กันทรารมย์,ศรีสะเกษ,มูล,ลำน้ำมูลส่วนที่ 3/3,,,
WEI102,ท้ายฝายหัวนา,15.13441,104.70284,หนองแก้ว,กันทรารมย์,ศรีสะเกษ,มูล,ลำน้ำมูลส่วนที่ 3/3,,,
WEI111,เหนือฝายราษีไศล,15.344394,104.09881,บัวหุ่ง,ราษีไศล,ศรีสะเกษ,มูล,ลำน้ำมูลส่วนที่ 3/1,,,
WEI112,ท้ายฝายราษีไศล,15.344049,104.099304,บัวหุ่ง,ราษีไศล,ศรีสะเกษ,มูล,ลำน้ำมูลส่วนที่ 3/1,,,
WEI121,เหนือฝายยางบ้านตะลุง,15.293477,103.540474,หนองเรือ,ชุมพลบุรี,สุรินทร์,มูล,ลำน้ำมูลส่วนที่ 2/5,,,
WEI122,ท้ายฝายยางบ้านตะลุง,15.292877,103.54234,หนองเรือ,ชุมพลบุรี,สุรินทร์,มูล,ลำน้ำมูลส่วนที่ 2/5,,,
WEI131,เหนือฝายยางบ้านเขว้า,15.412002,103.10234,ปะเคียบ,คูเมือง,บุรีรัมย์,มูล,ลำน้ำมูลส่วนที่ 2/3,,,
WEI132,ท้ายฝายยางบ้านเขว้า,15.410986,103.10372,ปะเคียบ,คูเมือง,บุรีรัมย์,มูล,ลำน้ำมูลส่วนที่ 2/3,,,
WEI141,เหนือฝายชุมพวง,15.386625,102.71879,ชุมพวง,ชุมพวง,นครราชสีมา,มูล,ลำน้ำมูลตอนบนส่วนที่ 5,,,
WEI142,ท้ายฝายชุมพวง,15.386544,102.71913,ชุมพวง,ชุมพวง,นครราชสีมา,มูล,ลำน้ำมูลตอนบนส่วนที่ 5,,,
WEI151,เหนือฝายพิมาย,15.227765,102.50157,ในเมือง,พิมาย,นครราชสีมา,มูล,ลำน้ำมูลตอนบนส่วนที่ 5,,,
YOM001,ปง,19.14819,100.27747,ปง,ปง,พะเยา,ยม,แม่น้ำยมตอนบนส่วนที่ 2,292.936,294.528,287.474
YOM003,หนองม่วงไข่,18.265913,100.17704,น้ำรัด,หนองม่วงไข่,แพร่,ยม,แม่น้ำยมตอนกลางส่วนที่ 1,156.635,159.637,152.582
YOM004,เด่นชัย,18.020777,100.058784,เด่นชัย,เด่นชัย,แพร่,ยม,แม่น้ำยมตอนกลางส่วนที่ 2,147.617,149.273,136.017
YOM005,ศรีสัชนาลัย,17.517122,99.75878,หาดเสี้ยว,ศรีสัชนาลัย,สุโขทัย,ยม,แม่น้ำยมตอนล่างส่วนที่ 2,71.932,72.072,58.411
YOM006,สวรรคโลก,17.201874,99.86391,ท่าทอง,สวรรคโลก,สุโขทัย,ยม,แม่น้ำยมตอนล่างส่วนที่ 2,58.968,58.411,46.818
YOM007,กงไกรลาศ,16.927313,99.95931,กง,กงไกรลาศ,สุโขทัย,ยม,แม่น้ำยมตอนล่างส่วนที่ 4,45.385,44.87,33.37
YOM008,บางระกำ,16.708149,100.1718,บางระกำ,บางระกำ,พิษณุโลก,ยม,แม่น้ำยมตอนล่างส่วนที่ 5,41.202,41.22,29.4
YOM009,โพธิ์ประทับช้าง,16.31077,100.27177,โพธิ์ประทับช้าง,โพธิ์ประทับช้าง,พิจิตร,ยม,แม่น้ำยมตอนล่างส่วนที่ 5,34.787,36.235,26.165
YOM010,เมืองแพร่,18.133642,100.12457,ป่าแมต,เมืองแพร่,แพร่,ยม,แม่น้ำยมตอนกลางส่วนที่ 2,151.808,154.285,141.725
YOM011,งาว,18.760752,99.9726,หลวงใต้,งาว,ลำปาง,ยม,แม่น้ำงาว,274.553,275.379,267.594
YOM012,เมืองสุโขทัย,17.021278,99.81969,ธานี,เมืองสุโขทัย,สุโขทัย,ยม,แม่น้ำยมตอนล่างส่วนที่ 3,52.15,51.974,42.185
